{"cameraMode":{"drawMode":0,"name":"Shaded","section":"Shading Mode"},"sceneLighting":true,"audioPlay":false,"sceneViewState":{"showFog":true,"showMaterialUpdate":false,"showSkybox":true,"showFlares":true,"showImageEffects":true,"showParticleSystems":true},"in2DMode":false,"pivot":{"x":0.7448530197143555,"y":0.9865573644638062,"z":-6.123228073120117},"rotation":{"x":0.00022192126198206097,"y":0.9997375011444092,"z":-0.022807668894529344,"w":0.009298078715801239},"size":4.334316730499268,"orthographic":false}