{"cameraMode":{"drawMode":0,"name":"Shaded","section":"Shading Mode"},"sceneLighting":true,"audioPlay":false,"sceneViewState":{"showFog":true,"showMaterialUpdate":false,"showSkybox":true,"showFlares":true,"showImageEffects":true,"showParticleSystems":true},"in2DMode":false,"pivot":{"x":0.7402247190475464,"y":0.8044612407684326,"z":0.12461084127426148},"rotation":{"x":-0.11214522272348404,"y":-0.8748753070831299,"z":0.24236175417900086,"w":-0.40426114201545718},"size":3.804340124130249,"orthographic":false}