{"cameraMode":{"drawMode":0,"name":"Shaded","section":"Shading Mode"},"sceneLighting":true,"audioPlay":false,"sceneViewState":{"showFog":true,"showMaterialUpdate":false,"showSkybox":true,"showFlares":true,"showImageEffects":true,"showParticleSystems":true},"in2DMode":false,"pivot":{"x":1.9461472034454346,"y":0.8038694858551025,"z":-0.34779930114746096},"rotation":{"x":-0.03927701339125633,"y":-0.9032678604125977,"z":0.08450131863355637,"w":-0.4190552830696106},"size":14.982471466064454,"orthographic":false}