{"cameraMode":{"drawMode":0,"name":"Shaded","section":"Shading Mode"},"sceneLighting":true,"audioPlay":false,"sceneViewState":{"showFog":true,"showMaterialUpdate":false,"showSkybox":true,"showFlares":true,"showImageEffects":true,"showParticleSystems":true},"in2DMode":false,"pivot":{"x":2.745134115219116,"y":-2.521392822265625,"z":-17.77143669128418},"rotation":{"x":-0.00920072104781866,"y":-0.9909070134162903,"z":0.10022732615470886,"w":-0.09030156582593918},"size":9.732181549072266,"orthographic":false}