{"cameraMode":{"drawMode":0,"name":"Shaded","section":"Shading Mode"},"sceneLighting":true,"audioPlay":false,"sceneViewState":{"showFog":true,"showMaterialUpdate":false,"showSkybox":true,"showFlares":true,"showImageEffects":true,"showParticleSystems":true},"in2DMode":false,"pivot":{"x":-0.9855579137802124,"y":0.2737557888031006,"z":-4.581728935241699},"rotation":{"x":-0.011468462646007538,"y":0.9882616400718689,"z":-0.11947446316480637,"w":-0.09486609697341919},"size":2.8343167304992677,"orthographic":false}