{"cameraMode":{"drawMode":0,"name":"Shaded","section":"Shading Mode"},"sceneLighting":true,"audioPlay":false,"sceneViewState":{"showFog":true,"showMaterialUpdate":false,"showSkybox":true,"showFlares":true,"showImageEffects":true,"showParticleSystems":true},"in2DMode":false,"pivot":{"x":-0.18996530771255494,"y":0.9534302353858948,"z":-5.9245991706848148},"rotation":{"x":-0.001530592911876738,"y":0.9979248642921448,"z":-0.025762496516108514,"w":-0.05964674800634384},"size":3.434316635131836,"orthographic":false}